Ticker,Name,Exchange,Category Name,Country
DLEKG.TA,Delek Group Ltd.,TLV,N/A,Israel
ESLT.TA,Elbit Systems Ltd.,TLV,N/A,Israel
EZCH.TA,EZchip Semiconductor Ltd.,TLV,N/A,Israel
EVGN.TA,Evogene Ltd.,TLV,N/A,Israel
ELTR.TA,Electra Ltd,TLV,N/A,Israel
AVNR-L.TA,Avner Oil Exploration - Limited Partnership,TLV,N/A,Israel
FRUT.TA,Frutarom Industries Ltd.,TLV,N/A,Israel
JOEL.TA,J.O.E.L. Jerusalem Oil Exploration Ltd.,TLV,N/A,Israel
JBKT.TA,Jobookit Holdings Ltd.,TLV,N/A,Israel
JBNK.TA,Bank of Jerusalem Ltd.,TLV,N/A,Israel
KMDA.TA,Kamada Ltd.,TLV,N/A,Israel
KTOV.TA,Kitov Pharmaceuticals Holdings Ltd.,TLV,N/A,Israel
KRUR.TA,Kerur Holdings Ltd.,TLV,N/A,Israel
KNFM.TA,Knafaim Holdings Ltd.,TLV,N/A,Israel
KETR.TA,Keter Publishing House Ltd.,TLV,N/A,Israel
TEVA.TA,Teva Pharmaceutical Industries Limited,TLV,N/A,Israel
SCIX.TA,"Scailex Corp., Ltd.",TLV,N/A,Israel
ICL.TA,Israel Chemicals Ltd.,TLV,N/A,Israel
BLRX.TA,BioLine Rx Ltd,TLV,N/A,Israel
UNON.TA,Union Bank of Israel Ltd.,TLV,N/A,Israel
MZTF.TA,Mizrahi Tefahot Bank Ltd.,TLV,N/A,Israel
MZOR.TA,Mazor Robotics Ltd.,TLV,N/A,Israel
NFTA.TA,Naphtha Israel Petroleum Corp. Ltd.,TLV,N/A,Israel
SPNS.TA,Sapiens International Corporation N.V.,TLV,N/A,Israel
NVMI.TA,Nova Measuring Instruments Ltd.,TLV,N/A,Israel
NTO.TA,Neto M.E Holdings Ltd.,TLV,N/A,Israel
NISA.TA,Nissan Medical Industries Ltd.,TLV,N/A,Israel
NFEX-L.TA,Naphtha Exploration LP,TLV,N/A,Israel
ORL.TA,Oil Refineries Ltd.,TLV,N/A,Israel
ORAD.TA,Orad Ltd.,TLV,N/A,Israel
GIVO-L.TA,GIVOT OLAM OIL EXP ILS1,TLV,N/A,Israel
QNCO.TA,Y.Z. Queenco Ltd.,TLV,N/A,Israel
QLTU.TA,Qualitau Ltd.,TLV,N/A,Israel
RMLI.TA,Rami Levi Chain Stores Hashikma Marketing 2006 Ltd,TLV,N/A,Israel
PLX.TA,"Protalix BioTherapeutics, Inc.",TLV,N/A,Israel
MNKD.TA,MannKind Corporation,TLV,N/A,Israel
LPSN.TA,"LivePerson, Inc.",TLV,N/A,Israel
DRCN.TA,U. Dori Construction Ltd.,TLV,N/A,Israel
VISN.TA,Vision Sigma Ltd.,TLV,N/A,Israel
VILR.TA,Villar International Ltd.,TLV,N/A,Israel
VTNA.TA,Vitania Ltd.,TLV,N/A,Israel
WTS.TA,B.H. Whitestone Group Ltd.,TLV,N/A,Israel
WIZP.TA,Wize Pharma Ltd,TLV,N/A,Israel
XENA.TA,Xenia Venture Capital Ltd,TLV,N/A,Israel
XTLB.TA,XTL Biopharmaceuticals Ltd.,TLV,N/A,Israel
KRYT.TA,Kardan Yazamut (2011) Ltd.,TLV,N/A,Israel
YBOX.TA,Ybox Real Estate Ltd.,TLV,N/A,Israel
SEFA.TA,Shefa Yamim Ltd.,TLV,N/A,Israel
SRFT.TA,Zvi Sarfati & Sons Investments & Constructions Ltd.,TLV,N/A,Israel
ZNKL.TA,Zanlakol Ltd,TLV,N/A,Israel
ZRAH-L.TA,ZERAH OIL & GAZ ILS1,TLV,N/A,Israel
ZMH.TA,Zemach Hammerman Ltd.,TLV,N/A,Israel
ZUR.TA,Zur Shamir Holdings Ltd.,TLV,N/A,Israel
ABTR.TA,Abetrans Logistics Ltd,TLV,N/A,Israel
ABIL.TA,Ability Inc.,TLV,N/A,Israel
ALD.TA,A.L.D. Advanced Logistics Developments Ltd.,TLV,N/A,Israel
ADO.TA,A.D.O. Group Ltd.,TLV,N/A,Israel
ADN.TA,A.D.N Global Equity Ltd.,TLV,N/A,Israel
ADGR.TA,Adgar Investments and Development Limited,TLV,N/A,Israel
AFIL.TA,Africa-Israel Investments Ltd,TLV,N/A,Israel
AFRE.TA,Africa Israel Residences Ltd.,TLV,N/A,Israel
AFPR.TA,Africa Israel Properties Ltd,TLV,N/A,Israel
AFHL.TA,AFCON Holdings Ltd.,TLV,N/A,Israel
APIO.TA,Apio Africa Ltd,TLV,N/A,Israel
AFID.TA,Africa Israel Industries Ltd.,TLV,N/A,Israel
BRMG.TA,Brimag Digital Age Ltd.,TLV,N/A,Israel
ELAL.TA,El Al Israel Airlines Ltd,TLV,N/A,Israel
MAXM.TA,Maxima Air Separation Center Ltd.,TLV,N/A,Israel
BSI.TA,Alon Blue Square Israel Ltd,TLV,N/A,Israel
ALBA.TA,Albaad Massuot Yitzhak Ltd.,TLV,N/A,Israel
ALVR.TA,Alvarion Ltd.,TLV,N/A,Israel
ALGS.TA,Alon Natural Gas Exploration Ltd.,TLV,N/A,Israel
ALMD.TA,Allium Medical Solutions Ltd.,TLV,N/A,Israel
ALLT.TA,Allot Communications Ltd.,TLV,N/A,Israel
ALRPR.TA,Alrov Properties and Lodgings Ltd.,TLV,N/A,Israel
ALHE.TA,Alony-Hetz Properties & Investments Ltd,TLV,N/A,Israel
ALMO.TA,"Algomizer, Ltd.",TLV,N/A,Israel
AMRK.TA,Amir Marketing and Investments in Agriculture Ltd.,TLV,N/A,Israel
AMOT.TA,Amot Investment Ltd,TLV,N/A,Israel
AMAN.TA,Amanet Management & Systems Ltd.,TLV,N/A,Israel
AMS.TA,AMS Electronics Ltd.,TLV,N/A,Israel
AMNS.TA,Amnis Therapeutics Ltd,TLV,N/A,Israel
AMNS-R5.TA,AMNIS RTS 3.3.16,TLV,N/A,Israel
ANLT.TA,Analyst I.M.S. Investment Management Services Ltd,TLV,N/A,Israel
KARE.TA,Kardan Real Estate Enterprise and Development Ltd.,TLV,N/A,Israel
NSEL.TA,Nisko Electricity and Electronics Ltd.,TLV,N/A,Israel
MGDL.TA,Migdal Insurance and Financial Holdings Ltd.,TLV,N/A,Israel
ANGL.TA,Salomon A. Angel Ltd.,TLV,N/A,Israel
ENRS.TA,Engel Resources and Development Ltd.,TLV,N/A,Israel
AOC.TA,A-Online Capital (A.O.C) Ltd,TLV,N/A,Israel
APLY.TA,Apply Advanced Mobile Technologies Ltd,TLV,N/A,Israel
APOS.TA,Aposense Ltd.,TLV,N/A,Israel
ARYT.TA,Aryt Industries Ltd.,TLV,N/A,Israel
ARNA.TA,Arena Star Group Ltd.,TLV,N/A,Israel
ARKO.TA,Arko Holdings Ltd.,TLV,N/A,Israel
ARPT.TA,Airport City Ltd.,TLV,N/A,Israel
ARD.TA,Arad Ltd.,TLV,N/A,Israel
ARAN.TA,Aran Research & Development (1982) Ltd.,TLV,N/A,Israel
ARAD.TA,Arad Investment & Industrial Development Ltd.,TLV,N/A,Israel
ARGM.TA,Argaman Industries Ltd.,TLV,N/A,Israel
ARZM.TA,ARZM.TA,TLV,N/A,Israel
ASPR.TA,Ashtrom Properties Ltd.,TLV,N/A,Israel
SVAS.TA,SOVEREIGN ASSETTS,TLV,N/A,Israel
ASHO.TA,Ashot Ashkelon Industries Ltd.,TLV,N/A,Israel
ASGR.TA,Aspen Group Ltd.,TLV,N/A,Israel
ASHG.TA,Ashtrom Group Ltd.,TLV,N/A,Israel
ASRR.TA,ASRR Capital Ltd,TLV,N/A,Israel
ASDR.TA,Ashdar Building Company Ltd.,TLV,N/A,Israel
AURA.TA,Aura Investments Ltd.,TLV,N/A,Israel
AVGL.TA,Avgol Industries 1953 Ltd,TLV,N/A,Israel
AVER.TA,Averbuch Formica Center Ltd.,TLV,N/A,Israel
AVLN.TA,Aviv Arlon Ltd.,TLV,N/A,Israel
AVRT-M.TA,Avrot Industries Ltd.,TLV,N/A,Israel
AVIA.TA,Aviation Links Ltd.,TLV,N/A,Israel
AVIV.TA,Mordechai Aviv Taasiot Beniyah (1973) Ltd.,TLV,N/A,Israel
AYAL-L.TA,AYALON HOLDINGS ILS1,TLV,N/A,Israel
AZRG.TA,Azrieli Group Ltd,TLV,N/A,Israel
AZRM.TA,Azorim Investment Development & Construction Co. Ltd.,TLV,N/A,Israel
BRAN.TA,Baran Group Ltd,TLV,N/A,Israel
BBYL.TA,Babylon Ltd.,TLV,N/A,Israel
LUMI.TA,Bank Leumi le- Israel B.M,TLV,N/A,Israel
BCOM.TA,B Communications Ltd,TLV,N/A,Israel
BCNV.TA,Brack Capital Properties N.V.,TLV,N/A,Israel
BEZQ.TA,Bezeq The Israel Telecommunication Corporation Limited,TLV,N/A,Israel
BNTM-L.TA,BNTM-L.TA,TLV,N/A,Israel
BGI.TA,B.G.I. Investments (1961) Ltd,TLV,N/A,Israel
RDHL.TA,RedHill Biopharma Ltd.,TLV,N/A,Israel
CBI.TA,Clal Biotechnology Industries Ltd.,TLV,N/A,Israel
BIRM-L.TA,Birman Wood & Hardware Ltd,TLV,N/A,Israel
NAVB.TA,"Navidea Biopharmaceuticals, Inc",TLV,N/A,Israel
BVXV.TA,BiondVax Pharmaceuticals Ltd.,TLV,N/A,Israel
BIOV.TA,BioView Ltd.,TLV,N/A,Israel
BTX.TA,"BioTime, Inc.",TLV,N/A,Israel
THXBY.TA,Therapix Biosciences Ltd.,TLV,N/A,Israel
GLTN.TA,GLTN.TA,TLV,N/A,Israel
BIG.TA,BIG Shopping Centers Ltd,TLV,N/A,Israel
VAXL-M.TA,VAXIL BIO LTD ILS1,TLV,N/A,Israel
DNA.TA,D.N.A Biomedical Solutions Ltd.,TLV,N/A,Israel
BNIN.TA,BNIN.TA,TLV,N/A,Israel
BICL.TA,BioCancell Ltd.,TLV,N/A,Israel
BONS.TA,Bonus BioGroup Ltd.,TLV,N/A,Israel
CANF.TA,Can-Fite BioPharma Ltd.,TLV,N/A,Israel
BOLT.TA,BioLight Life Sciences Ltd.,TLV,N/A,Israel
HDST.TA,"Hadasit Bio-Holdings, Ltd.",TLV,N/A,Israel
BLSR.TA,Blue Square Real Estate Ltd.,TLV,N/A,Israel
PROB-L.TA,PROB-L.TA,TLV,N/A,Israel
BMDX.TA,Biomedix Incubator Ltd,TLV,N/A,Israel
BOTI-L.TA,BONEI HATICHON CIV ILS1,TLV,N/A,Israel
BRIL.TA,Brill Shoe Industries Ltd.,TLV,N/A,Israel
BRIN.TA,Brainsway Ltd.,TLV,N/A,Israel
DUNI.TA,Duniec Bros. Ltd.,TLV,N/A,Israel
BSP.TA,BSP - Biological Signal Processing Ltd.,TLV,N/A,Israel
BSEN.TA,Bet Shemesh Engines Holdings (1997) Ltd,TLV,N/A,Israel
IBLD.TA,Industrial Buildings Corporation Ltd.,TLV,N/A,Israel
BUY2.TA,Buy2 Networks Ltd.,TLV,N/A,Israel
SHOM.TA,E.N. Shoham Business Ltd,TLV,N/A,Israel
CDEV.TA,Cohen Development & Industrial Buildings Ltd.,TLV,N/A,Israel
BYAR.TA,B.Yair Building Corporation 1988 Ltd.,TLV,N/A,Israel
BYSD.TA,Bayside Land Corporation Ltd,TLV,N/A,Israel
ISCN.TA,Israel Canada (T.R) Ltd,TLV,N/A,Israel
CRNT.TA,Ceragon Networks Ltd.,TLV,N/A,Israel
CLSN.TA,Celsion Corporation,TLV,N/A,Israel
CEL.TA,Cellcom Israel Ltd.,TLV,N/A,Israel
PLAZ.TA,Plaza Centers N.V.,TLV,N/A,Israel
CFX.TA,Cofix Group Ltd,TLV,N/A,Israel
CGEN.TA,Compugen Ltd.,TLV,N/A,Israel
CHAM.TA,Cham Foods (Israel) Ltd.,TLV,N/A,Israel
CNMA-L.TA,CNMA-L.TA,TLV,N/A,Israel
CISY.TA,CI Systems (Israel) Ltd.,TLV,N/A,Israel
OR.TA,Or City Holdings Ltd,TLV,N/A,Israel
CLIS.TA,Clal Insurance Enterprises Holdings Ltd.,TLV,N/A,Israel
CLPT.TA,Collplant Holdings Ltd.,TLV,N/A,Israel
CMER.TA,C. Mer Industries Ltd.,TLV,N/A,Israel
CMDR.TA,Computer Direct Group Ltd.,TLV,N/A,Israel
CPHO-M.TA,A.L.CAPITAL HLDGS ILS0.01,TLV,N/A,Israel
CPTP.TA,Capital Point Ltd.,TLV,N/A,Israel
CRMT.TA,Carmit Candy Industries Ltd.,TLV,N/A,Israel
CRSO.TA,Carasso Motors Ltd.,TLV,N/A,Israel
CTPL5-L.TA,I.C.P. Israel Citrus Plantations Ltd.,TLV,N/A,Israel
CTPL1.TA,I.C.P. Israel Citrus Plantations Ltd.,TLV,N/A,Israel
MDPR.TA,Medipower (Overseas) Public Co. Limited,TLV,N/A,Israel
CYRN.TA,CYREN Ltd.,TLV,N/A,Israel
DANH.TA,Dan Hotels Ltd.,TLV,N/A,Israel
DANE.TA,Danel (Adir Yehoshua) Ltd.,TLV,N/A,Israel
DCI.TA,Direct Capital Investments Ltd,TLV,N/A,Israel
DEDR.TA,Delek Drilling - Limited Partnership,TLV,N/A,Israel
DISI.TA,Discount Investment Corporation Limited,TLV,N/A,Israel
DSCT.TA,Israel Discount Bank Limited,TLV,N/A,Israel
DIFI.TA,Direct Insurance - Financial Investments Ltd.,TLV,N/A,Israel
DIMRI.TA,Y.H. Dimri Construction & Development Ltd,TLV,N/A,Israel
NNDM.TA,Nano Dimension Ltd.,TLV,N/A,Israel
DLEN.TA,Delek Energy Systems Ltd.,TLV,N/A,Israel
DLMT.TA,Dolomite Holdings Ltd,TLV,N/A,Israel
DLEA.TA,Delek Automotive Systems Ltd.,TLV,N/A,Israel
DORI.TA,Amos Luzon Development and Energy Group Ltd,TLV,N/A,Israel
DPRM.TA,D-Pharm LTD.,TLV,N/A,Israel
DRAL.TA,Dor Alon Energy In Israel (1988) Ltd.,TLV,N/A,Israel
DRSL.TA,Dorsel (B.A.Z.) Ltd.,TLV,N/A,Israel
HGG.TA,Hagag Group Real Estate Entrepreneurship Ltd,TLV,N/A,Israel
DXIL.TA,Dexia Israel Bank Ltd.,TLV,N/A,Israel
ECJM.TA,Jerusalem Economy Ltd.,TLV,N/A,Israel
ECP.TA,Electra Consumer Products (1970) Ltd.,TLV,N/A,Israel
EDRL.TA,Edri-El Israel Assets Ltd.,TLV,N/A,Israel
EMTC.TA,Elbit Medical Technologies Ltd.,TLV,N/A,Israel
ELRN.TA,Elron Electronic Industries Ltd.,TLV,N/A,Israel
EMITF.TA,Elbit Imaging Ltd.,TLV,N/A,Israel
ELLO.TA,Ellomay Capital Ltd.,TLV,N/A,Israel
ELDAV.TA,Eldav Investments Ltd.,TLV,N/A,Israel
SUNY.TA,Suny Electronic Inc. Ltd.,TLV,N/A,Israel
ELCO.TA,Elco Ltd.,TLV,N/A,Israel
ELCRE.TA,Electra Real Estate Ltd.,TLV,N/A,Israel
ELSPC.TA,Elspec Engineering Ltd.,TLV,N/A,Israel
EMCO.TA,E & M Computing Ltd.,TLV,N/A,Israel
EMDV.TA,Emilia Development (O.F.G) Ltd.,TLV,N/A,Israel
MGIC.TA,Magic Software Enterprises Ltd.,TLV,N/A,Israel
MDIN-L.TA,Modiin Energy- Limited Partnership,TLV,N/A,Israel
GLVR.TA,Gulliver Energy Ltd,TLV,N/A,Israel
EQTL.TA,Equital Ltd.,TLV,N/A,Israel
ROTS.TA,Rotshtein Real Estate Ltd.,TLV,N/A,Israel
POLY-L.TA,Polygon Real Estate Ltd,TLV,N/A,Israel
ETVW.TA,E.T. View Medical Ltd.,TLV,N/A,Israel
RATI-L.TA,Ratio Oil Exploration (1992) Limited Partnership,TLV,N/A,Israel
EXPO.TA,Export Investment Co. Ltd.,TLV,N/A,Israel
EXEN.TA,Exalenz Bioscience Ltd,TLV,N/A,Israel
EXCE.TA,Excellence Investments Limited,TLV,N/A,Israel
FNTS.TA,Fantasy Network Ltd,TLV,N/A,Israel
FBRT.TA,FMS Enterprises Migun Ltd.,TLV,N/A,Israel
FIBI.TA,F.I.B.I. Holdings Ltd.,TLV,N/A,Israel
PLTF.TA,P.L.T. Financial Services Ltd,TLV,N/A,Israel
FNFR.TA,FNFR.TA,TLV,N/A,Israel
FOX.TA,Fox-Wizel Ltd.,TLV,N/A,Israel
FORTY.TA,Formula Systems (1985) Ltd.,TLV,N/A,Israel
FRST.TA,Foresight Autonomous Holdings Ltd,TLV,N/A,Israel
FRDN.TA,Fridenson Logistic Services Ltd,TLV,N/A,Israel
FTIN.TA,First International Bank of Israel Ltd,TLV,N/A,Israel
FVT.TA,Formula Vision Technologies (F.V.T) Ltd.,TLV,N/A,Israel
GAON.TA,B. Gaon Holdings Ltd.,TLV,N/A,Israel
SOG.TA,Shemen Oil And Gas Resources Ltd,TLV,N/A,Israel
GZT.TA,Gazit Globe Ltd,TLV,N/A,Israel
GAMT-L.TA,GAMATRONIC ILS1,TLV,N/A,Israel
GEFEN.TA,Gefen Biomed Investments Ltd,TLV,N/A,Israel
GFC.TA,G.F.C Green Fields Capital Ltd.,TLV,N/A,Israel
PRGO.TA,Perrigo Company plc,TLV,N/A,Israel
GIBC.TA,Gai Beach Hotel,TLV,N/A,Israel
GILT.TA,Gilat Satellite Networks Ltd.,TLV,N/A,Israel
GLPL.TA,Golan Plastic Products Ltd.,TLV,N/A,Israel
GLEX.TA,Globe Exploration (Y.C.D.) Limited Partnership,TLV,N/A,Israel
GMUL.TA,Gmul Investments Ltd.,TLV,N/A,Israel
GNGR.TA,Ginegar Plastic Products Ltd.,TLV,N/A,Israel
GODM.TA,GO.D.M Investments Ltd.,TLV,N/A,Israel
IGLD.TA,Internet Gold- Golden Lines Ltd.,TLV,N/A,Israel
GOLF.TA,Golf & Co Ltd.,TLV,N/A,Israel
GOHO.TA,Golden House Ltd.,TLV,N/A,Israel
GOLD.TA,The Gold Bond Group Ltd.,TLV,N/A,Israel
SCOP.TA,Scope Metals Group Ltd.,TLV,N/A,Israel
GSFI.TA,Gan Shmuel Foods Ltd.,TLV,N/A,Israel
HAHO-L.TA,Hachsharat Hayishuv Hotels Ltd.,TLV,N/A,Israel
HAML.TA,Ham-Let (Israel-Canada) Ltd,TLV,N/A,Israel
POLI.TA,Bank Hapoalim B.M.,TLV,N/A,Israel
HAMAT.TA,Hamat Group Ltd.,TLV,N/A,Israel
HAP.TA,Hadera Paper Ltd.,TLV,N/A,Israel
MSAH.TA,Hamashbir 365 Holdings Ltd.,TLV,N/A,Israel
HARL.TA,Harel Insurance Investments & Financial Services Ltd,TLV,N/A,Israel
HMAM.TA,Hamama Meir Trading (1996) Ltd.,TLV,N/A,Israel
OPK.TA,"Opko Health, Inc.",TLV,N/A,Israel
HLAN.TA,Hilan Ltd.,TLV,N/A,Israel
TTAM.TA,Tiv Taam Holdings 1 Ltd.,TLV,N/A,Israel
HLDS-L.TA,INOC- Dead Sea Limited Partnership,TLV,N/A,Israel
HNMR.TA,Hanan Mor Group - Holdings Ltd.,TLV,N/A,Israel
LBTL.TA,A. Libental Holdings Ltd.,TLV,N/A,Israel
HRON.TA,Hiron-Trade Investments & Industrial Buildings Ltd,TLV,N/A,Israel
IBI.TA,I.B.I Investment House Ltd.,TLV,N/A,Israel
ICCM.TA,IceCure Medical Ltd.,TLV,N/A,Israel
IDIN.TA,I.D.I. Insurance Company Ltd.,TLV,N/A,Israel
IDBD.TA,IDB Development Corporation Limited,TLV,N/A,Israel
IE.TA,Israel Land Development Alpha Ltd,TLV,N/A,Israel
IES.TA,I.E.S Holdings Ltd,TLV,N/A,Israel
PTNR.TA,Partner Communications Company Ltd.,TLV,N/A,Israel
PLST.TA,Plasto-Sac Ltd,TLV,N/A,Israel
ITMR.TA,Itamar Medical Ltd.,TLV,N/A,Israel
TSEM.TA,Tower Semiconductor Ltd.,TLV,N/A,Israel
TLSY.TA,Telsys Ltd.,TLV,N/A,Israel
TFRE.TA,N/A,TLV,N/A,Israel
TDRN.TA,Tadiran Holdings Ltd.,TLV,N/A,Israel
SPEN.TA,Shapir Engineering and Industry Ltd,TLV,N/A,Israel
SKBN.TA,Shikun & Binui Ltd.,TLV,N/A,Israel
RPAC.TA,Rapac Communication & Infrastructure Ltd.,TLV,N/A,Israel
RLCO.TA,Ralco Agencies Ltd.,TLV,N/A,Israel
RIT1.TA,Reit 1 Ltd,TLV,N/A,Israel
RHTCH.TA,RH Technologies Ltd.,TLV,N/A,Israel
PZOL.TA,Paz Oil Company Ltd.,TLV,N/A,Israel
PLRM.TA,Palram Industries (1990) Ltd.,TLV,N/A,Israel
MTRX.TA,Matrix IT Ltd.,TLV,N/A,Israel
MSLA.TA,"Maslavi Construction Co.,Ltd.",TLV,N/A,Israel
MMHD.TA,Menora Mivtachim Holdings Ltd,TLV,N/A,Israel
MLSR.TA,Melisron Ltd.,TLV,N/A,Israel
MEDI.TA,Medtechnica Ltd.,TLV,N/A,Israel
LEVA.TA,A.Levy Investments and Construction Ltd.,TLV,N/A,Israel
INTP.TA,Intec Pharma Ltd.,TLV,N/A,Israel
INSL.TA,InsuLine Medical Ltd.,TLV,N/A,Israel
ININ.TA,Inter Industries LTD.,TLV,N/A,Israel
IMCO.TA,IMCO Industries Ltd.,TLV,N/A,Israel
ILCO.TA,Israel Corporation Ltd.,TLV,N/A,Israel
PRSK.TA,Prashkovsky Investments and Construction Ltd.,TLV,N/A,Israel
TALD.TA,Taldor Computer Systems (1986) Ltd.,TLV,N/A,Israel
MISH.TA,Mivtach Shamir Holdings Ltd,TLV,N/A,Israel
LDER.TA,Leader Holdings & Investments Ltd,TLV,N/A,Israel
ORON.TA,Oron Group Investments & Holdings Ltd.,TLV,N/A,Israel
LODZ.TA,Lodzia Rotex Investment Ltd.,TLV,N/A,Israel
MTMY.TA,Matomy Media Group Ltd.,TLV,N/A,Israel
PEN.TA,Peninsula Group Ltd,TLV,N/A,Israel
INFR.TA,Infimer Ltd,TLV,N/A,Israel
MNIN.TA,Mendelson Infrastructures & Industries Ltd.,TLV,N/A,Israel
PAYT.TA,Payton Industries Ltd.,TLV,N/A,Israel
PRTL.TA,Proteologics Ltd,TLV,N/A,Israel
MCRNL.TA,Micronet Ltd.,TLV,N/A,Israel
SRAC.TA,S.R. Accord Ltd.,TLV,N/A,Israel
REKA.TA,Rekah Pharmaceutical Industry Ltd.,TLV,N/A,Israel
SPCH.TA,Speech Modules Holdings Ltd.,TLV,N/A,Israel
MRPR.TA,Company Marging Purpose Ltd.,TLV,N/A,Israel
RABN.TA,Gradlink (Israel) Ltd.,TLV,N/A,Israel
MDVI.TA,Medivie Therapeutic Ltd.,TLV,N/A,Israel
SFLG-L.TA,SFLG-L.TA,TLV,N/A,Israel
PERI.TA,Perion Network Ltd.,TLV,N/A,Israel
STCM.TA,"Satcom Systems, Ltd.",TLV,N/A,Israel
NICE.TA,NICE Ltd.,TLV,N/A,Israel
NEZU.TA,NEZU.TA,TLV,N/A,Israel
ISTA.TA,Issta Lines Ltd.,TLV,N/A,Israel
SNEL.TA,Synel M.L.L Payway Ltd,TLV,N/A,Israel
CAST.TA,Castro Model Ltd.,TLV,N/A,Israel
SLGN.TA,Solegreen Ltd,TLV,N/A,Israel
INCR.TA,InterCure Ltd.,TLV,N/A,Israel
ISRS.TA,Isras Investment Company Ltd,TLV,N/A,Israel
ISRO.TA,Isrotel Ltd.,TLV,N/A,Israel
NCT.TA,Neocity Group for Investments and Holdings Ltd.,TLV,N/A,Israel
TIGBUR.TA,Tigbur - Temporary Professional Personnel Ltd.,TLV,N/A,Israel
MLTM.TA,Malam-Team Ltd.,TLV,N/A,Israel
TAYA.TA,"Taya Investment Co., Ltd.",TLV,N/A,Israel
TATT.TA,"TAT Technologies, Ltd.",TLV,N/A,Israel
MAYN-M.TA,Maayan Ventures Ltd.,TLV,N/A,Israel
MDTR.TA,Mediterranean Towers Ltd.,TLV,N/A,Israel
JTI.TA,Jerusalem Technology Investments Ltd.,TLV,N/A,Israel
ORBI.TA,Orbit Technologies Ltd.,TLV,N/A,Israel
NZHT.TA,Netz Hotels Ltd,TLV,N/A,Israel
ISOP-L.TA,"Israel Opportunity - Energy Resources, Limited Partnership",TLV,N/A,Israel
ONE.TA,One Software Technologies Ltd,TLV,N/A,Israel
TEDE.TA,Tedea Technological Development and Automation Ltd.,TLV,N/A,Israel
KMNK.TA,KMN Capital Ltd,TLV,N/A,Israel
BRAM.TA,Bram Industries Ltd.,TLV,N/A,Israel
KLNT.TA,Kalanit Carmon Software Services Ltd.,TLV,N/A,Israel
MRHL.TA,Merchavia Holdings and Investments Ltd.,TLV,N/A,Israel
TEFN.TA,Tefen Industrial Engineering & Management & Systems Analysis,TLV,N/A,Israel
KRIS.TA,Kardan Israel Ltd.,TLV,N/A,Israel
INRM.TA,Inrom Construction Industries Ltd.,TLV,N/A,Israel
CHR.TA,Chiron Refineries Ltd,TLV,N/A,Israel
RSEL.TA,RSL Electronics Ltd.,TLV,N/A,Israel
SDS.TA,Star Defense Systems Ltd.,TLV,N/A,Israel
PLSN.TA,Plasson Industries Ltd.,TLV,N/A,Israel
NXTM.TA,Nextcom Ltd.,TLV,N/A,Israel
NXGN.TA,Nextgen Biomed Ltd,TLV,N/A,Israel
CAMT.TA,Camtek Ltd.,TLV,N/A,Israel
TUZA.TA,Teuza - A Fairchild Technology Venture Ltd.,TLV,N/A,Israel
SALG.TA,Shalag Industries Ltd.,TLV,N/A,Israel
UNIT.TA,"Unitronics (1989) (R""G) Ltd",TLV,N/A,Israel
NETZ.TA,Netz Group Ltd.,TLV,N/A,Israel
PPIL.TA,Plastopil Hazorea Company Ltd,TLV,N/A,Israel
ORTC.TA,O.R.T. Technologies Ltd,TLV,N/A,Israel
PIU.TA,Poalim I.B.I.-Managing & Underwriting Ltd,TLV,N/A,Israel
MNRV.TA,Minrav Holdings Ltd.,TLV,N/A,Israel
RIMO.TA,Rimoni Industries Ltd.,TLV,N/A,Israel
OHH.TA,Otzar Hityashvuth Hayehudim Ltd.,TLV,N/A,Israel
SOHO.TA,Halman - Aldubi Investment House Ltd,TLV,N/A,Israel
PLRC.TA,Polar Communications Ltd.,TLV,N/A,Israel
LEVI.TA,A.Levy Investments and Construction Ltd.,TLV,N/A,Israel
KLIN-M.TA,E.N. Shoham Business Ltd,TLV,N/A,Israel
WLFD.TA,Willi-Food Investments Ltd.,TLV,N/A,Israel
LPHL-L.TA,Lapidoth-Heletz - Limited Partnership,TLV,N/A,Israel
SLARL.TA,Sella Capital Real Estate Ltd.,TLV,N/A,Israel
MDGS.TA,Medigus Ltd.,TLV,N/A,Israel
STRS.TA,Strauss Group Ltd.,TLV,N/A,Israel
TZMI.TA,Zmiha Investment House Ltd.,TLV,N/A,Israel
NAWI.TA,Nawi Brothers Group Ltd.,TLV,N/A,Israel
SODA.TA,SodaStream International Ltd.,TLV,N/A,Israel
SHAN.TA,Shaniv Paper Industry Ltd,TLV,N/A,Israel
ENLT.TA,Enlight Renewable Energy Ltd,TLV,N/A,Israel
TFVC.TA,Tamir Fishman Ventures II,TLV,N/A,Israel
MGOR.TA,Mega Or Holdings Ltd.,TLV,N/A,Israel
OBAS.TA,Optibase Ltd.,TLV,N/A,Israel
LAHAV.TA,Lahav LR Real Estate Ltd,TLV,N/A,Israel
AUDC.TA,AudioCodes Ltd.,TLV,N/A,Israel
SMT.TA,Summit Real Estate Holdings Ltd.,TLV,N/A,Israel
PTBL.TA,Property and Building Corp. Ltd,TLV,N/A,Israel
ITYF.TA,Itay Financial A.A Investments Ltd,TLV,N/A,Israel
PHOE.TA,The Phoenix Holdings Ltd.,TLV,N/A,Israel
TREN.TA,Trendline Information and Communication Services Ltd.,TLV,N/A,Israel
ULTR.TA,Ultra Equity Investments Ltd.,TLV,N/A,Israel
LVPR.TA,Levinstein Properties Ltd,TLV,N/A,Israel
SHNP.TA,E. Schnapp & Co. Works Ltd.,TLV,N/A,Israel
VCTR.TA,Victory Supermarket Chain Ltd,TLV,N/A,Israel
SCC.TA,Space-Communication Ltd.,TLV,N/A,Israel
USER-M.TA,USER TREND LTD ILS1,TLV,N/A,Israel
OPCT.TA,Ophectra Real Estate & Investments Ltd,TLV,N/A,Israel
SAE.TA,Shufersal Ltd,TLV,N/A,Israel
ORTM.TA,Ortam Sahar Engineering Ltd.,TLV,N/A,Israel
KDST.TA,Kadimastem Ltd,TLV,N/A,Israel
KLIL.TA,Klil Industries Ltd.,TLV,N/A,Israel
NAMN.TA,Naaman Group (N.V.) Ltd,TLV,N/A,Israel
SPNTC.TA,N.R. Spuntech Industries Ltd.,TLV,N/A,Israel
TDGN.TA,Tadir-Gan (Precision Products) 1993 Ltd.,TLV,N/A,Israel
SNTG.TA,SNTG.TA,TLV,N/A,Israel
NTML.TA,Neto Malinda Trading Ltd.,TLV,N/A,Israel
MABR.TA,Maabarot Products Ltd.,TLV,N/A,Israel
MCTC.TA,Micromedic Technologies Ltd,TLV,N/A,Israel
PLIND.TA,Shefa Success Logistics (B.F.) Ltd,TLV,N/A,Israel
ENRG.TA,Energix - Renewable Energies Ltd,TLV,N/A,Israel
INTR.TA,Inter-Gamma Investment Company Ltd.,TLV,N/A,Israel
MEDN-L.TA,MEHADRIN ILS1,TLV,N/A,Israel
SNFL.TA,Sunflower Sustainable Investments Ltd,TLV,N/A,Israel
MMAN.TA,Maman-Cargo Terminals & Handling Ltd.,TLV,N/A,Israel
WTPI-M.TA,W.T.P. Israel (Waste to Products) Ltd.,TLV,N/A,Israel
PNTR.TA,Pointer Telocation Ltd.,TLV,N/A,Israel
OPAL.TA,Opal Balance Investments Ltd,TLV,N/A,Israel
LUDN.TA,LUDAN Engineering Co. Ltd.,TLV,N/A,Israel
ISRA-L.TA,Isramco Negev 2 Limited Partnership,TLV,N/A,Israel
TOPS.TA,Top Ramdor Systems & Computers Co. (1990) Ltd.,TLV,N/A,Israel
LAPD.TA,Lapidoth Capital Ltd,TLV,N/A,Israel
TNPV.TA,TechnoPlus Ventures Ltd.,TLV,N/A,Israel
SANO1.TA,Sano-Bruno's Enterprises Ltd.,TLV,N/A,Israel
TMDA.TA,Tamda Ltd.,TLV,N/A,Israel
SILC.TA,SILC.TA,TLV,N/A,Israel
SMNIN.TA,Shemen Industries Ltd.,TLV,N/A,Israel
LDRC.TA,Leader Capital Markets Ltd.,TLV,N/A,Israel
ORIN.TA,Orian Sh.M. Ltd.,TLV,N/A,Israel
ITRN.TA,Ituran Location & Control Ltd.,TLV,N/A,Israel
KAFR.TA,Kafrit Industries (1993) Ltd,TLV,N/A,Israel
NERZ.TA,New Horizon Group Ltd.,TLV,N/A,Israel
MTDS.TA,Meitav DASH Investments Ltd,TLV,N/A,Israel
GRNG-L.TA,GREENERGY RENEWABL ILS1,TLV,N/A,Israel
MTCO.TA,MTI Computers and Software Services (1982) Ltd.,TLV,N/A,Israel
ILX.TA,Ilex Medical Ltd,TLV,N/A,Israel
MBMX.TA,Mobile Max Technologies Ltd,TLV,N/A,Israel
PTCH.TA,Israel Petrochemical Enterprises Ltd.,TLV,N/A,Israel
ILDC.TA,The Israel Land Development Company Ltd.,TLV,N/A,Israel
MSHR.TA,Mishorim Development Ltd.,TLV,N/A,Israel
BRND.TA,Brand Industries Ltd.,TLV,N/A,Israel
TFRLF.TA,Tefron Ltd.,TLV,N/A,Israel
PCBT.TA,P.C.B. Technologies Ltd,TLV,N/A,Israel
LHIS.TA,Lachish Industries Ltd.,TLV,N/A,Israel
ENDY.TA,Endymed Ltd.,TLV,N/A,Israel
MDCL.TA,Medical Compression Systems (DBN) Ltd.,TLV,N/A,Israel
TUBE.TA,Gaon Group Ltd.,TLV,N/A,Israel
TIVA-L.TA,TIV Textile Group (1969) Ltd.,TLV,N/A,Israel
LEOF.TA,Lewinsky-Ofer Ltd.,TLV,N/A,Israel
DELT.TA,Delta Galil Industries Ltd.,TLV,N/A,Israel
OSEM.TA,Osem Investments Ltd.,TLV,N/A,Israel
MYDS.TA,Mydas Real Estate Investments Ltd,TLV,N/A,Israel
WSMK.TA,WhiteSmoke Software Ltd,TLV,N/A,Israel
MTRN.TA,Maytronics Ltd.,TLV,N/A,Israel
NTGR.TA,Netanel Group Ltd.,TLV,N/A,Israel
NRH.TA,Natural Resource Holdings Limited,TLV,N/A,Israel
RMN.TA,Ram-On Investments and Holdings (1999) Ltd,TLV,N/A,Israel
HOD.TA,Hod Assaf Industries Ltd.,TLV,N/A,Israel
RAVD.TA,Ravad Ltd,TLV,N/A,Israel
RVL.TA,Raval ACS Ltd.,TLV,N/A,Israel
PRTC.TA,Prior-Tech Ltd.,TLV,N/A,Israel
KRNV.TA,Kardan N.V.,TLV,N/A,Israel
KEN.TA,Kenon Holdings Ltd.,TLV,N/A,Israel
MYSZ.TA,"My Size, Inc.",TLV,N/A,Israel
MYL.TA,Mylan N.V.,TLV,N/A,Israel
NSTR.TA,Norstar Holdings Inc.,TLV,N/A,Israel
ORA.TA,"Ormat Technologies, Inc.",TLV,N/A,Israel
PHMD.TA,"PhotoMedex, Inc.",TLV,N/A,Israel
PSTI.TA,Pluristem Therapeutics Inc.,TLV,N/A,Israel
SKLN.TA,Skyline Investments Inc.,TLV,N/A,Israel
SMTO.TA,Somoto Ltd.,TLV,N/A,Israel
