Ticker,Name,Exchange,Category Name,Country
WBC.NZ,Westpac Banking Corporation,NZE,Money Center Banks,New Zealand
ANZ.NZ,Australia and New Zealand Banking Group Limited,NZE,Money Center Banks,New Zealand
DIL.NZ,Diligent Corporation,NZE,N/A,New Zealand
SDL.NZ,Solution Dynamics Limited,NZE,Business Services,New Zealand
IFT200.NZ,Infratil Limited,NZE,N/A,New Zealand
TME.NZ,Trade Me Group Limited,NZE,Internet Information Providers,New Zealand
SKL.NZ,Skellerup Holdings Limited,NZE,Rubber & Plastics,New Zealand
IFT.NZ,Infratil Limited,NZE,Electric Utilities,New Zealand
TRU.NZ,TruScreen Limited,NZE,Medical Appliances & Equipment,New Zealand
SKO.NZ,Serko Limited,NZE,Business Software & Services,New Zealand
SKC.NZ,SKYCITY Entertainment Group Limited,NZE,Resorts & Casinos,New Zealand
MET.NZ,Metlifecare Limited,NZE,Long-Term Care Facilities,New Zealand
LIC.NZ,Livestock Improvement Corporation Limited,NZE,Farm Products,New Zealand
IKE.NZ,ikeGPS Group Limited,NZE,Technical & System Software,New Zealand
GMT.NZ,Goodman Property Trust,NZE,REIT - Industrial,New Zealand
FRE.NZ,Freightways Limited,NZE,Air Delivery & Freight Services,New Zealand
FPH.NZ,Fisher & Paykel Healthcare Corporation Limited,NZE,Medical Appliances & Equipment,New Zealand
ARV.NZ,Arvida Group Limited,NZE,Long-Term Care Facilities,New Zealand
AIR.NZ,Air New Zealand Limited,NZE,"Air Services, Other",New Zealand
WTL.NZ,Windflow Technology Limited,NZE,Diversified Machinery,New Zealand
WHS.NZ,The Warehouse Group Limited,NZE,Department Stores,New Zealand
VIL.NZ,Veritas Investments Limited,NZE,N/A,New Zealand
VHP.NZ,Vital Healthcare Property Trust,NZE,N/A,New Zealand
SUM.NZ,Summerset Group Holdings Limited,NZE,Hospitals,New Zealand
RYM.NZ,Ryman Healthcare Limited,NZE,Long-Term Care Facilities,New Zealand
JWI.NZ,Just Water International Limited,NZE,Beverages - Soft Drinks,New Zealand
HFL.NZ,Henderson Far East Income Limited,NZE,N/A,New Zealand
JMOZ.NZ,JMOZ.NZ,NZE,N/A,New Zealand
SEK.NZ,Seeka Limited,NZE,Farm Products,New Zealand
KMD.NZ,Kathmandu Holdings Limited,NZE,Textile - Apparel Clothing,New Zealand
TWR.NZ,Tower Limited,NZE,Property & Casualty Insurance,New Zealand
TPW.NZ,Trustpower Limited,NZE,Electric Utilities,New Zealand
TEN.NZ,Tenon Limited,NZE,N/A,New Zealand
SPN.NZ,South Port New Zealand Limited,NZE,Shipping,New Zealand
SPK.NZ,Spark New Zealand Limited,NZE,N/A,New Zealand
SML.NZ,Synlait Milk Limited,NZE,Food Wholesale,New Zealand
SLG.NZ,Sealegs Corporation Limited,NZE,N/A,New Zealand
SGL.NZ,Speirs Group Limited,NZE,N/A,New Zealand
SCT.NZ,Scott Technology Limited,NZE,Diversified Machinery,New Zealand
SAN.NZ,Sanford Limited,NZE,Farm Products,New Zealand
RBD.NZ,Restaurant Brands New Zealand Limited,NZE,Restaurants,New Zealand
RBC.NZ,Rubicon Limited,NZE,"Lumber, Wood Production",New Zealand
RAK.NZ,Rakon Limited,NZE,Diversified Electronics,New Zealand
PPL.NZ,Pumpkin Patch Limited,NZE,N/A,New Zealand
PGW.NZ,PGG Wrightson Limited,NZE,Business Services,New Zealand
PGC.NZ,Pyne Gould Corporation Limited,NZE,Asset Management,New Zealand
PEB.NZ,Pacific Edge Limited,NZE,Medical Laboratories & Research,New Zealand
OIC.NZ,Opus International Consultants Limited,NZE,General Contractors,New Zealand
OHE.NZ,Orion Health Group Limited,NZE,Healthcare Information Services,New Zealand
NZX.NZ,NZX Limited,NZE,Asset Management,New Zealand
NZR.NZ,The New Zealand Refining Company Limited,NZE,Oil & Gas Refining & Marketing,New Zealand
NZF.NZ,NZF Group Limited Ordinary Shar,NZE,N/A,New Zealand
NPX.NZ,Nuplex Industries Limited,NZE,N/A,New Zealand
OGC.NZ,OceanaGold Corporation,NZE,N/A,New Zealand
NZO.NZ,New Zealand Oil & Gas Limited,NZE,Independent Oil & Gas,New Zealand
STR.NZ,Stride Property Limited,NZE,N/A,New Zealand
TNR.NZ,Turners Limited,NZE,N/A,New Zealand
VGL.NZ,Vista Group International Limited,NZE,Technical & System Software,New Zealand
BFW.NZ,Burger Fuel Worldwide Limited,NZE,Restaurants,New Zealand
CWY.NZ,Cleanaway Waste Management Limited,NZE,N/A,New Zealand
WIA020.NZ,Wellington International Airport Limited,NZE,N/A,New Zealand
WDTPA.NZ,Wellington Drive Technologies Limited,NZE,N/A,New Zealand
WYN.NZ,Wynyard Group Limited,NZE,N/A,New Zealand
TWF.NZ,Total World Trust,NZE,N/A,New Zealand
FFW.NZ,Foley Family Wines Limited,NZE,N/A,New Zealand
WDT.NZ,Wellington Drive Technologies Limited,NZE,Diversified Electronics,New Zealand
XRO.NZ,Xero Limited,NZE,Business Software & Services,New Zealand
JMO.NZ,JPMorgan Overseas Ord,NZE,N/A,New Zealand
HNZ.NZ,Heartland Bank Limited,NZE,N/A,New Zealand
CDI.NZ,CDL Investments New Zealand Limited,NZE,Real Estate Development,New Zealand
PCT.NZ,Precinct Properties New Zealand Limited,NZE,N/A,New Zealand
MCK.NZ,Millennium & Copthorne Hotels New Zealand Limited,NZE,Lodging,New Zealand
ZEL030.NZ,Z Energy Limited,NZE,N/A,New Zealand
GOV390.NZ,Government of New Zealand,NZE,N/A,New Zealand
DIV.NZ,New Zealand Dividend Index Trust - NZ Dividend Fund,NZE,N/A,New Zealand
GOV380.NZ,Government of New Zealand,NZE,N/A,New Zealand
NZP010.NZ,New Zealand Post Group Finance Limited,NZE,N/A,New Zealand
GOV410.NZ,Government of New Zealand,NZE,N/A,New Zealand
ZEL.NZ,Z Energy Limited,NZE,N/A,New Zealand
MCKPA.NZ,Millennium & Copthorne Hotels New Zealand Limited,NZE,Lodging,New Zealand
GOV400.NZ,Government of New Zealand,NZE,N/A,New Zealand
ZEL020.NZ,Z Energy Limited,NZE,N/A,New Zealand
ABA.NZ,Abano Healthcare Group Limited,NZE,Hospitals,New Zealand
ABB030.NZ,ASB Bank Limited,NZE,N/A,New Zealand
AFI.NZ,Australian Foundation Investment Company Limited,NZE,N/A,New Zealand
AFT.NZ,AFT Pharmaceuticals Limited,NZE,N/A,New Zealand
AFC.NZ,AFC Group Holdings Limited,NZE,N/A,New Zealand
AIA.NZ,Auckland International Airport Limited,NZE,"Air Services, Other",New Zealand
AWK.NZ,Airwork Holdings Limited,NZE,Major Airlines,New Zealand
AIA080.NZ,AIA 15/11/16 8.00% - Auckland I,NZE,N/A,New Zealand
AIA130.NZ,Auckland International Airport Limited,NZE,N/A,New Zealand
AIA200.NZ,Auckland International Airport Limited,NZE,N/A,New Zealand
AIA110.NZ,Auckland International Airport Limited,NZE,N/A,New Zealand
AIR010.NZ,AIR 15/11/2016 6.90% - Air New,NZE,N/A,New Zealand
AIA120.NZ,Auckland International Airport Limited,NZE,N/A,New Zealand
AKC060.NZ,Auckland City Council,NZE,N/A,New Zealand
AKC070.NZ,Auckland City Council,NZE,N/A,New Zealand
AKC080.NZ,Auckland City Council,NZE,N/A,New Zealand
AKC050.NZ,Auckland City Council,NZE,N/A,New Zealand
ALF.NZ,Allied Farmers Limited,NZE,Farm Products,New Zealand
AMP.NZ,AMP Limited,NZE,Life Insurance,New Zealand
ANB090.NZ,ANZ Bank New Zealand Limited,NZE,N/A,New Zealand
ANB110.NZ,ANZ Bank New Zealand Limited,NZE,N/A,New Zealand
ANB100.NZ,ANZ Bank New Zealand Limited,NZE,N/A,New Zealand
APN.NZ,APN News & Media Limited,NZE,N/A,New Zealand
AXG.NZ,Chatham Rock Phosphate Limited,NZE,N/A,New Zealand
APA.NZ,Asia Pacific Trust,NZE,N/A,New Zealand
ARG.NZ,Argosy Property Limited,NZE,Real Estate Development,New Zealand
ASP.NZ,Australian Property Index Trust - Aus Property Fund,NZE,N/A,New Zealand
ASBPB.NZ,ASB Capital Limited,NZE,Asset Management,New Zealand
ASF.NZ,Australian Financials Index Trust - Aus Financials Fund,NZE,N/A,New Zealand
ASR.NZ,Australian Resources Fund,NZE,N/A,New Zealand
ASD.NZ,Australian Dividend Index Trust - Aus Dividend Fund,NZE,N/A,New Zealand
ASBPA.NZ,ASB Capital Limited,NZE,Asset Management,New Zealand
ATM.NZ,The a2 Milk Company Limited,NZE,Farm Products,New Zealand
TPI.NZ,Cleanaway Waste Management Limited,NZE,N/A,New Zealand
PBG.NZ,Pacific Brands Limited,NZE,N/A,New Zealand
AUG.NZ,Augusta Capital Limited,NZE,N/A,New Zealand
AWF.NZ,AWF Madison Group Limited,NZE,Staffing & Outsourcing Services,New Zealand
BGR.NZ,Briscoe Group Limited,NZE,N/A,New Zealand
BIL.NZ,Bethunes Investments Limited,NZE,N/A,New Zealand
BIT.NZ,Bankers Ord,NZE,N/A,New Zealand
BLT.NZ,BLIS Technologies Limited,NZE,Biotechnology,New Zealand
BNZ090.NZ,Bank of New Zealand,NZE,N/A,New Zealand
SKC040.NZ,SKYCITY Entertainment Group Limited,NZE,N/A,New Zealand
NZB.NZ,NZ Bond Fund,NZE,N/A,New Zealand
CEN030.NZ,Contact Energy Limited,NZE,N/A,New Zealand
GMB030.NZ,GMT Bond Issuer Limited,NZE,N/A,New Zealand
GMB020.NZ,GMT Bond Issuer Limited,NZE,N/A,New Zealand
GBF.NZ,Global Bond Fund,NZE,N/A,New Zealand
MEL030.NZ,Meridian Energy Limited,NZE,N/A,New Zealand
FBI120.NZ,Fletcher Building Industries Limited,NZE,N/A,New Zealand
FBU.NZ,Fletcher Building Limited,NZE,General Building Materials,New Zealand
FBI100.NZ,FBI 15/03/17 7.50% Fletcher Bui,NZE,N/A,New Zealand
FBI110.NZ,Fletcher Building Industries Limited,NZE,N/A,New Zealand
CAV.NZ,Cavalier Corporation Limited,NZE,Textile Industrial,New Zealand
USS.NZ,US Small-Cap Trust,NZE,N/A,New Zealand
CBL.NZ,CBL Corporation Limited,NZE,N/A,New Zealand
CEN.NZ,Contact Energy Limited,NZE,Diversified Utilities,New Zealand
CEN020.NZ,Contact Energy Limited,NZE,N/A,New Zealand
CGF.NZ,Cooks Global Foods Limited,NZE,N/A,New Zealand
CGL.NZ,Chow Group Limited,NZE,N/A,New Zealand
TCL.NZ,The City of London Investment Trust plc,NZE,N/A,New Zealand
SCY.NZ,Smiths City Group Limited,NZE,"Specialty Retail, Other",New Zealand
CMO.NZ,The Colonial Motor Company Limited,NZE,Auto Dealerships,New Zealand
GXH.NZ,Green Cross Health Limited,NZE,N/A,New Zealand
CRP.NZ,Chatham Rock Phosphate Limited,NZE,N/A,New Zealand
CVT.NZ,Comvita Limited,NZE,Drugs - Generic,New Zealand
FBI130.NZ,Fletcher Building Industries Limited,NZE,N/A,New Zealand
FBI140.NZ,Fletcher Building Industries Limited,NZE,N/A,New Zealand
FCG030.NZ,Fonterra Co-operative Group Limited,NZE,N/A,New Zealand
DGL.NZ,Delegat Group Limited,NZE,Beverages - Wineries & Distillers,New Zealand
FCG040.NZ,Fonterra Co-operative Group Limited,NZE,N/A,New Zealand
DNZ.NZ,Stride Property Limited,NZE,N/A,New Zealand
MEL020.NZ,MEL 16/03/17 7.55% - Meridian E,NZE,N/A,New Zealand
LGF040.NZ,LGF 15/05/2021 6.00% - NZ Local,NZE,N/A,New Zealand
LGF060.NZ,New Zealand Local Government Funding Agency Limited,NZE,N/A,New Zealand
LGF010.NZ,LGF 15/12/2017 6.00% - NZ Local,NZE,N/A,New Zealand
TPW110.NZ,TPW 15/09/19 6.75% - Trustpower,NZE,N/A,New Zealand
TPW120.NZ,TPW 15/12/2021 5.63% Trustpower,NZE,N/A,New Zealand
LGF020.NZ,New Zealand Local Government Funding Agency Limited,NZE,N/A,New Zealand
PCT010.NZ,Precinct Properties New Zealand Limited,NZE,N/A,New Zealand
RBO010.NZ,RBO 10/06/2020 4.592% Rabobank,NZE,N/A,New Zealand
WHS020.NZ,The Warehouse Group Limited,NZE,N/A,New Zealand
LGF030.NZ,LGF 15/04/2020 3.00% - NZ Local,NZE,N/A,New Zealand
VCT070.NZ,VCT 15/06/17 7.0pct Vector Limi,NZE,N/A,New Zealand
LGF050.NZ,New Zealand Local Government Funding Agency Limited,NZE,N/A,New Zealand
SKT020.NZ,SKY Network Television Limited,NZE,N/A,New Zealand
EBO.NZ,EBOS Group Limited,NZE,Medical Equipment Wholesale,New Zealand
IQE.NZ,Intueri Education Group Limited,NZE,N/A,New Zealand
EVO.NZ,Evolve Education Group Limited,NZE,Education & Training Services,New Zealand
EMF.NZ,Emerging Markets Fund,NZE,N/A,New Zealand
TEM.NZ,Templeton Emerging Markets Investment Trust plc,NZE,N/A,New Zealand
GNE.NZ,Genesis Energy Limited,NZE,Diversified Utilities,New Zealand
ERD.NZ,EROAD Limited,NZE,Business Software & Services,New Zealand
EUF.NZ,Europe Trust,NZE,N/A,New Zealand
EUT.NZ,European Investment Ord,NZE,N/A,New Zealand
FCG.NZ,Fonterra Co-operative Group Limited,NZE,Food Wholesale,New Zealand
FCT.NZ,Foreign & Colonial Investment Trust PLC,NZE,N/A,New Zealand
FIN.NZ,Finzsoft Solutions Limited,NZE,Technical & System Software,New Zealand
FLI.NZ,Fliway Group Limited,NZE,N/A,New Zealand
FNZ.NZ,NZX 50 Portfolio Index Fund,NZE,N/A,New Zealand
FSF.NZ,Fonterra Shareholders Fund,NZE,N/A,New Zealand
PFI.NZ,Property For Industry Limited,NZE,Real Estate Development,New Zealand
GEO.NZ,GeoOP Limited,NZE,Technical & System Software,New Zealand
GTK.NZ,Gentrack Group Limited,NZE,N/A,New Zealand
GFL.NZ,Geneva Finance Limited,NZE,Credit Services,New Zealand
GGL.NZ,G3 Group Limited,NZE,N/A,New Zealand
MLN.NZ,Marlin Global Limited,NZE,Asset Management,New Zealand
HLG.NZ,Hallenstein Glasson Holdings Limited,NZE,Apparel Stores,New Zealand
TGG.NZ,T&G Global Limited,NZE,N/A,New Zealand
MPG.NZ,Metro Performance Glass Limited,NZE,General Building Materials,New Zealand
GNE030.NZ,Genesis Energy Limited,NZE,N/A,New Zealand
NTL.NZ,New Talisman Gold Mines Limited,NZE,N/A,New Zealand
HBY.NZ,Hellaby Holdings Limited,NZE,N/A,New Zealand
HBL.NZ,Heartland Bank Limited,NZE,N/A,New Zealand
MHI.NZ,Michael Hill New Zealand Limited,NZE,N/A,New Zealand
IFT190.NZ,Infratil Limited,NZE,N/A,New Zealand
IFT210.NZ,Infratil Limited,NZE,N/A,New Zealand
IFT180.NZ,Infratil Limited,NZE,N/A,New Zealand
IFT090.NZ,Infratil Limited,NZE,N/A,New Zealand
IFT160.NZ,IFT 15/06/17 8.50% - Infratil L,NZE,N/A,New Zealand
IFT170.NZ,Infratil Limited,NZE,N/A,New Zealand
JFJ.NZ,JPMorgan Japanese Investment Trust plc,NZE,N/A,New Zealand
KCF010.NZ,Kiwi Capital Funding Limited,NZE,N/A,New Zealand
KFL.NZ,Kingfish Limited,NZE,N/A,New Zealand
KRK.NZ,Wellington Merchants Limited,NZE,N/A,New Zealand
KPG.NZ,Kiwi Property Group Limited,NZE,REIT - Diversified,New Zealand
KPG010.NZ,Kiwi Property Group Limited,NZE,N/A,New Zealand
LAT.NZ,Lateral Corporation Limited,NZE,Business Software & Services,New Zealand
USG.NZ,US Large Growth Trust,NZE,N/A,New Zealand
USV.NZ,US Large Value Trust,NZE,N/A,New Zealand
SEA.NZ,SeaDragon Limited,NZE,N/A,New Zealand
NPT.NZ,NPT Limited,NZE,N/A,New Zealand
MFT.NZ,Mainfreight Limited,NZE,Air Delivery & Freight Services,New Zealand
MAD.NZ,Energy Mad Limited,NZE,Diversified Electronics,New Zealand
MDZ.NZ,NZX Midcap Index Fund,NZE,N/A,New Zealand
MGL.NZ,Mercer Group Limited,NZE,Metal Fabrication,New Zealand
MVN.NZ,Methven Limited,NZE,Home Furnishings & Fixtures,New Zealand
MEL.NZ,Meridian Energy Limited,NZE,N/A,New Zealand
SNK.NZ,Snakk Media Limited,NZE,Marketing Services,New Zealand
USM.NZ,US Mid-Cap Trust,NZE,N/A,New Zealand
MMH.NZ,Marsden Maritime Holdings Limited,NZE,N/A,New Zealand
MOA.NZ,Moa Group Limited,NZE,Beverages - Brewers,New Zealand
MRP.NZ,Mercury NZ Limited,NZE,N/A,New Zealand
MVT.NZ,Mercantile Investment Company Limited,NZE,N/A,New Zealand
MYK.NZ,Mykco Limited,NZE,Technical & System Software,New Zealand
MZY.NZ,Australian Mid Cap Fund,NZE,N/A,New Zealand
ONL.NZ,Oceania Natural Limited,NZE,N/A,New Zealand
SKT.NZ,SKY Network Television Limited,NZE,N/A,New Zealand
PPP.NZ,Pan Pacific Petroleum NL,NZE,N/A,New Zealand
NPF.NZ,New Zealand Property Trust,NZE,N/A,New Zealand
NWF.NZ,NZ Windfarms Limited,NZE,Electric Utilities,New Zealand
THL.NZ,Tourism Holdings Limited,NZE,"Recreational Goods, Other",New Zealand
SPY.NZ,SmartPay Holdings Limited,NZE,Wireless Communications,New Zealand
NZC.NZ,New Zealand Cash Trust,NZE,N/A,New Zealand
TIL.NZ,Trilogy International Limited,NZE,N/A,New Zealand
OMG.NZ,CSM Group Limited,NZE,N/A,New Zealand
ENS.NZ,Enprise Group Limited,NZE,N/A,New Zealand
OZY.NZ,smartOZZY,NZE,N/A,New Zealand
VCT.NZ,Vector Limited,NZE,Electric Utilities,New Zealand
TNZ.NZ,smartTENZ,NZE,N/A,New Zealand
VML.NZ,Plexure Group Limited,NZE,N/A,New Zealand
POT.NZ,Port of Tauranga Limited,NZE,Shipping,New Zealand
TTK.NZ,TeamTalk Limited,NZE,Broadcasting - Radio,New Zealand
USF.NZ,US 500 Trust,NZE,N/A,New Zealand
STU.NZ,Steel & Tube Holdings Limited,NZE,Steel & Iron,New Zealand
UOC010.NZ,University of Canterbury,NZE,N/A,New Zealand
RIS.NZ,Chow Group Limited,NZE,N/A,New Zealand
PWC090.NZ,Powerco Limited,NZE,N/A,New Zealand
TRP030.NZ,Transpower New Zealand Limited,NZE,N/A,New Zealand
PAY.NZ,Pushpay Holdings Limited,NZE,N/A,New Zealand
SCL.NZ,Scales Corporation Limited,NZE,Farm Products,New Zealand
PIL.NZ,Promisia Integrative Limited,NZE,N/A,New Zealand
SPF560.NZ,Spark Finance Limited,NZE,N/A,New Zealand
CNU.NZ,Chorus Limited,NZE,Wireless Communications,New Zealand
TRP020.NZ,Transpower New Zealand Limited,NZE,N/A,New Zealand
TRP010.NZ,Transpower New Zealand Limited,NZE,N/A,New Zealand
SLI.NZ,SLI Systems Limited,NZE,Internet Information Providers,New Zealand
BRM.NZ,Barramundi Limited,NZE,N/A,New Zealand
PLE.NZ,PLE.NZ,NZE,N/A,New Zealand
TLS.NZ,Telstra Corporation Limited,NZE,Wireless Communications,New Zealand
COA.NZ,Coats Group plc,NZE,N/A,New Zealand
